Model,Feature Engineering,Parameters,MAE,MSE,RMSE,R2,MAPE
Mean Regressor,"Standard Scaling, Mean Imputation",Mean Regressor uses default parameters,15.772555178131805,339.38539130268526,18.422415457878625,-0.2773817509340515,15.820494096447169
PLS Regression,"Standard Scaling, Mean Imputation",n_components=6,12.562854438129092,253.24487197329705,15.913669343470005,0.04683470100275833,11.97257912673347
XGBoost,"Standard Scaling, Mean Imputation","learning_rate=0.247, max_depth=1, n_estimators=120, reg_alpha=0.806, reg_lambda=2.171, subsample=0.960",12.237879585485828,250.8430602789597,15.838025769614081,0.055874661195948416,11.557326434768692
